Time,Cell
146,ABplapappaa
147,ABprapppppa
147,ABplappaap
147,ABplapappap
148,ABplapappaa
148,ABprapppppa
148,ABprapppppp
149,ABplappaap
149,ABplapappp
149,ABprapppppa
149,ABplappppap
149,ABprapppppp
150,ABplapappap
150,ABpraappppp
150,ABprappppap
150,ABplapappaa
150,ABprapppppa
150,ABprappppaa
150,ABplappppap
150,ABpraappppa
150,ABplaappppp
150,ABplaappppa
150,ABprapppppp
151,ABplappaap
151,MSppappa
151,MSppapap
151,ABprpapaaa
151,ABprapppppa
151,ABplappppap
151,ABplaappppp
151,ABprpapapa
151,ABprpapaap
152,ABpraappppa
152,ABplapappap
152,ABplapaappp
152,MSppapap
152,ABprappppap
152,ABprpapaaa
152,ABplapappaa
152,ABprapppppa
152,ABplappppap
152,ABplapaappa
152,ABplaappppp
152,ABplaappppa
152,ABprapppppp
153,ABplaaapppp
153,ABpraappppa
153,ABplaaapppa
153,ABplapappap
153,ABplapaappp
153,ABpraappppp
153,MSppapap
153,ABprappppap
153,ABprpapaaa
153,ABprapaaaa
153,ABplapappaa
153,ABprapppppa
153,ABplappppap
153,ABprappappp
153,ABprappappa
153,ABplaappppa
153,ABprapppppp
154,ABplaaapppp
154,ABprapapapa
154,MSppapap
154,ABplapappp
154,ABprapapapp
154,MSppppaa
154,ABplaappppa
154,ABplappaap
154,ABpraappppa
154,ABprapppppa
154,ABprapappaa
154,ABprappappp
154,ABprapppppp
154,ABplappppaa
154,ABplaaapppa
154,ABplapaappp
154,ABprappppap
154,ABprpapaaa
154,ABprapaappa
154,MSppppap
154,ABplaappppp
154,ABprappappa
154,ABplpaaaaa
154,ABprapaappp
154,ABprapappap
154,ABplapaappa
155,ABplaaapppp
155,ABprapapapa
155,MSppapap
155,ABprapapapp
155,MSppppaa
155,ABplaappppa
155,ABplpapaaa
155,ABprapapppp
155,ABplappaap
155,ABpraappppa
155,ABplapappap
155,ABprapppppa
155,ABprappppaa
155,ABprappappp
155,ABprapppppp
155,ABplappppaa
155,ABplapppppp
155,ABplaaapppa
155,ABplapaappp
155,ABprappppap
155,ABprapaappa
155,ABplaappppp
155,ABprappappa
155,ABplpaaaaa
155,ABprapaappp
155,ABprapappap
155,ABplapaappa
156,ABplaaapapa
156,MSppapap
156,ABprapapapp
156,ABprpaaaaa
156,MSppppaa
156,ABplaappppa
156,ABplpapaaa
156,ABprapapppp
156,ABpraappppa
156,MSppappa
156,ABpraappapp
156,ABpraappapa
156,ABprappappp
156,ABpraapppa
156,ABprapppppp
156,ABplappppaa
156,ABplapppppp
156,ABplaaapppa
156,ABplapaappp
156,ABprpapaaa
156,ABprapaappa
156,ABplpapaap
156,ABprappappa
156,ABplpaaaaa
156,ABprapaappp
156,ABplaaapapp
156,ABpraappppp
156,ABplapppppa
156,ABprapaaap
156,ABprapappap
156,ABplapaappa
157,ABprapapapa
157,ABplaaapapa
157,MSppapap
157,ABprapapapp
157,ABplaappaa
157,ABplaappppa
157,ABplpapaaa
157,ABplappaap
157,ABpraappppa
157,ABpraappapp
157,ABprapppppa
157,ABprappppaa
157,ABprapappaa
157,ABpraappapa
157,ABprappappp
157,ABprapppppp
157,ABplappppaa
157,ABplapppppp
157,ABplaaapppa
157,ABplapaappp
157,ABalapappap
157,ABprappppap
157,ABprapaappa
157,ABplappppap
157,ABplaappppp
157,ABprappappa
157,ABplpaaaaa
157,ABprapaappp
157,ABplaaapapp
157,ABprapaaap
157,ABprapappap
157,ABplapaappa
158,ABplaaapppp
158,ABprapapapa
158,ABplaaapapa
158,MSppapap
158,ABprpappap
158,ABprapapapp
158,MSppppaa
158,ABplaappppa
158,ABplappaap
158,ABpraappppa
158,ABpraappapp
158,ABprapppppa
158,ABprapappaa
158,ABpraappapa
158,ABprappappp
158,ABplappappa
158,ABprapppppp
158,ABplappppaa
158,ABplapppppp
158,ABplaaapppa
158,ABplapaappp
158,ABalapappap
158,ABprappppap
158,ABprapaappa
158,ABplaappppp
158,ABprappappa
158,ABplpaaaaa
158,ABprapaappp
158,ABplaaapapp
158,ABplapppppa
158,ABprapaaap
158,ABplappappp
158,ABprapappap
158,ABplapaappa
159,ABprapapapa
159,ABplaaapapa
159,ABprapapapp
159,ABplaappppa
159,ABplaapapp
159,ABprapapppp
159,ABplappaap
159,ABpraappppa
159,ABpraappapp
159,ABprapppppa
159,ABprappppaa
159,ABpraappapa
159,ABprappappp
159,ABplappappa
159,ABprapppppp
159,ABplappppaa
159,ABplapppppp
159,ABplaaapppa
159,ABplapaappp
159,ABalapappap
159,ABprappapa
159,ABprapaappa
159,ABplappppap
159,ABplaappppp
159,ABprappappa
159,ABplpaaaaa
159,ABprapaappp
159,ABplaaapapp
159,ABplapppppa
159,ABprapaaap
159,ABplappappp
159,ABplapaappa
159,Caapp
159,ABprpapaapp
160,ABplaaapppp
160,ABprapapapa
160,ABplaaapapa
160,MSppapap
160,ABplapappaa
160,ABprapapapp
160,ABplaappppa
160,ABprapapppp
160,ABplappaap
160,ABplapappap
160,ABpraappapp
160,ABprapppppa
160,ABprappppaa
160,ABprapaaaap
160,ABpraappapa
160,ABprappappp
160,ABplappappa
160,ABprapppppp
160,ABplappppaa
160,ABplapppppp
160,ABplaaapppa
160,ABplapaappp
160,ABprappppap
160,ABplapapapp
160,ABprapaappa
160,ABplappppap
160,ABplaappppp
160,ABprappappa
160,ABplpaaaaa
160,ABprapaappp
160,ABplaaapapp
160,ABplapppppa
160,ABplappappp
160,ABpraappppa
161,ABplaaapppp
161,ABprapapapa
161,ABplaaapapa
161,MSppapap
161,ABprapapapp
161,ABalappaaa
161,ABplpapaaa
161,ABpraappppa
161,ABalapapppa
161,ABpraappapp
161,ABprapppppa
161,ABprappppaa
161,ABprapappaa
161,ABpraappapa
161,ABprappappp
161,ABprapppppp
161,ABplappppaa
161,ABplapppppp
161,ABplaaapppa
161,ABplapaappp
161,ABprappppap
161,ABplapapapp
161,ABprapaappa
161,ABplappppap
161,ABplaappppp
161,ABprappappa
161,ABprapaappp
161,ABplaaapapp
161,ABpraappppp
161,ABplapppppa
161,ABprapaaap
161,ABplappappp
161,ABprapappap
161,ABplapaappa
162,ABplaaapppp
162,ABprapapapa
162,ABplaaapapa
162,MSppapap
162,ABplapappaa
162,ABprapapapp
162,ABplpaaaap
162,ABplaappppa
162,ABplpapaaa
162,ABpraappppa
162,ABplapappap
162,ABalapapppa
162,ABpraappapp
162,ABprapppppa
162,ABpraappapa
162,ABprappappp
162,ABplaappapp
162,ABprapppppp
162,ABplappppaa
162,ABplapppppp
162,ABplaaapppa
162,ABplapaappp
162,MSppappp
162,ABprapaappa
162,ABplappppap
162,ABplaappppp
162,ABprappappa
162,ABprapaappp
162,ABplaaapapp
162,ABplaappapa
162,ABplapppppa
162,ABprapaaap
162,ABplappappp
162,ABplapaappa
162,ABprpapaapp
163,ABplaaapppp
163,ABprapapapa
163,ABplaaapapa
163,ABplapappaa
163,ABprapapapp
163,ABplaaapaaa
163,MSppppaa
163,ABplaappppa
163,ABprapapppp
163,ABpraappppa
163,ABplapappap
163,ABplaaapaap
163,ABalapapppa
163,ABpraappapp
163,ABprapppppa
163,ABplapapppp
163,ABpraappapa
163,ABprappappp
163,ABplaappapp
163,ABplappappa
163,ABprapppppp
163,ABplappppaa
163,ABplapppppp
163,ABplaaapppa
163,ABplaaappaa
163,ABplpaapaa
163,MSppappp
163,ABprapaappa
163,ABplappppap
163,ABplaappppp
163,ABprappappa
163,ABprapaappp
163,ABplaaapapp
163,ABpraappppp
163,ABplaappapa
163,ABplapppppa
163,ABprapaaap
163,ABplapaappa
164,ABplaaapppp
164,ABplaaapapa
164,MSppapap
164,ABplaapappa
164,ABplapappaa
164,ABprapapapp
164,ABprpaaaaa
164,ABalappaaa
164,ABplaaapaaa
164,ABaraaaappa
164,ABplappaap
164,ABpraappppa
164,MSppappa
164,ABplapaapap
164,ABalapapppa
164,ABpraappapp
164,ABprapppppa
164,ABplapapppp
164,ABprappppaa
164,ABpraappapa
164,ABplapaapaa
164,ABplaappapp
164,ABplappappa
164,ABprapppppp
164,ABplappppaa
164,ABplapppppp
164,ABplaaapppa
164,ABplapaappp
164,ABprappppap
164,ABaraaaappp
164,ABprapaappa
164,ABplappppap
164,ABplaappppp
164,ABplapppaaa
164,ABprapaappp
164,ABplaaapapp
164,ABpraappppp
164,ABplaappapa
164,ABplapppppa
164,ABprapaaap
164,ABplappappp
164,ABplapaappa
164,ABprpapaapp
165,ABplaaapppp
165,ABplaaapapa
165,MSppapap
165,ABplaapappa
165,ABplapappaa
165,ABprapapapp
165,ABprpaaaaa
165,ABplaaapaaa
165,ABplaappppa
165,ABaraaaappa
165,ABprapapppp
165,ABpraappppa
165,ABplapaapap
165,ABalapapppa
165,ABpraappapp
165,ABprapppppa
165,ABplapapppp
165,ABprappppaa
165,ABprappappp
165,ABplapaapaa
165,ABplaappapp
165,ABpraappapa
165,ABplappappa
165,ABprapppppp
165,ABplappppaa
165,ABpraapappp
165,ABplapppppp
165,ABplapaaapa
165,ABplaaapppa
165,ABplapaappp
165,ABprappppap
165,ABaraaaappp
165,ABprapaappa
165,ABplappppap
165,ABplaappppp
165,ABprappappa
165,ABplapppaaa
165,ABprapaappp
165,ABplaaapapp
165,ABplaappapa
165,ABplapppppa
165,ABprapaaap
165,ABplappappp
165,ABplapaappa
166,ABplaaapppp
166,ABprapaapaa
166,ABplaapppap
166,ABplaaapapa
166,MSppapap
166,ABplaapappa
166,ABplapappaa
166,ABprapapapp
166,ABprpaaaaa
166,ABplaaapaaa
166,ABplpapaapa
166,ABpraapppap
166,ABplaappppa
166,ABplpapaaa
166,ABaraaaappa
166,ABplapaapap
166,ABplaaaapap
166,ABalapapppa
166,ABplaaaapaa
166,MSppaaaa
166,ABprapppppa
166,ABplapapppp
166,ABprappppaa
166,ABprapaaaap
166,ABprapaapap
166,ABprappappp
166,ABplapaapaa
166,ABplaappapp
166,ABpraappapa
166,ABplappappa
166,ABprapppppp
166,ABplappppaa
166,ABpraapappp
166,ABplapppppp
166,ABplaaapppa
166,ABplaaappaa
166,ABplapaappp
166,ABprappppap
166,ABaraaaappp
166,ABprapaappa
166,ABplappppap
166,ABplaappppp
166,ABprappappa
166,ABprapppapa
166,ABprapaappp
166,ABplaaapapp
166,ABplaappapa
166,ABplapppppa
166,ABprapaaap
166,ABpraapppaa
166,ABpraappppa
166,ABprpapaapp
167,ABplaaapppp
167,ABprapaapaa
167,ABplaapppap
167,ABplaaapapa
167,ABplaapappa
167,ABplapappaa
167,ABprapapapp
167,ABprpaaaaa
167,ABplaaapaaa
167,ABpraapppap
167,ABpraaaappp
167,ABplpapaaa
167,ABprapapppp
167,ABpraappppa
167,ABplapaapap
167,ABplaaaapap
167,ABalapapppa
167,ABplaaaapaa
167,MSppaaaa
167,ABprapppppa
167,ABprappppaa
167,ABprapaapap
167,ABprappappp
167,ABplapaapaa
167,MSapaaaa
167,ABpraappapa
167,ABprapppppp
167,ABplappppaa
167,ABplapppppp
167,ABplapaaapa
167,MSppapaa
167,ABplaaapppa
167,ABplaaappaa
167,ABplpaapaa
167,MSppappp
167,ABaraaaappp
167,ABplaapppaa
167,ABplapapapp
167,ABprapaappa
167,ABplappppap
167,ABplaappppp
167,ABprappappa
167,ABprapaappp
167,ABplaaapapp
167,ABplaappapa
167,ABpraaaaapv
167,ABplapppppa
167,ABprapaaap
167,ABplapppaap
167,ABpraapppaa
167,ABplapaappa
168,ABplaaapppp
168,ABprapaapaa
168,ABplaapppap
168,ABplaaapapa
168,ABprapapapa
168,ABplapappaa
168,ABprapapapp
168,ABplaaapaaa
168,ABplpapaapa
168,ABpraapppap
168,ABplaappppa
168,ABaraaaappa
168,ABpraappppa
168,ABplaaaapap
168,ABalapapppa
168,ABplaaaapaa
168,MSppaaaa
168,ABprappaapa
168,ABprapppppa
168,ABprappppaa
168,ABprapaapap
168,ABprappappp
168,ABplapaapaa
168,ABplaappapp
168,ABpraappapa
168,ABplappappa
168,ABprapppppp
168,ABplappppaa
168,ABpraapappp
168,ABplapppppp
168,ABplaaapppa
168,ABplaaappaa
168,ABplapaappp
168,ABplpaapaa
168,ABprappppap
168,ABaraaaappp
168,ABprapaappa
168,ABplappppap
168,ABplaappppp
168,ABprappappa
168,ABplpaaaaa
168,ABprapaappp
168,ABplaaapapp
168,ABpraappppp
168,ABplaappapa
168,ABplaaappap
168,ABplapppppa
168,ABprapaaap
168,ABprappaapp
168,ABpraapppaa
168,ABplappappp
168,ABplapaappa
168,ABprpapaapp
169,ABplaaapppp
169,ABprapaapaa
169,ABplaapppap
169,ABplaaapapa
169,ABprapapapa
169,ABplapappaa
169,ABprapapapp
169,ABplapapppa
169,ABprpapapa
169,ABpraapppap
169,ABplaappppa
169,ABplpapaaa
169,ABaraaaappa
169,ABpraappppa
169,ABplaaaapap
169,ABpraappapp
169,ABplaaaapaa
169,ABprapppppa
169,ABprappaapa
169,ABplapapppp
169,ABprappppaa
169,ABprapaapap
169,ABprappappp
169,ABplapaapaa
169,ABplaappapp
169,ABpraappapa
169,ABplappappa
169,ABprapppppp
169,ABplappppaa
169,ABpraapappp
169,ABplapppppp
169,ABplapaaapa
169,ABplaaapppa
169,ABplaaappaa
169,ABplapaappp
169,ABplpaapaa
169,ABprappapa
169,ABprappppap
169,ABaraaaappp
169,ABprapaappa
169,ABplappppap
169,ABplaappppp
169,ABprappappa
169,ABprapaappp
169,ABplaaapapp
169,ABplaappapa
169,ABplapppppa
169,ABprapaaap
169,ABprappaapp
169,ABpraapppaa
169,ABplapaappa
170,ABplaaapppp
170,ABprapaapaa
170,ABprapapapa
170,ABplaaapapa
170,MSppapap
170,ABplapappaa
170,ABprapapapp
170,ABplpapaapa
170,ABprpapapa
170,ABpraapppap
170,ABplaappppa
170,ABplpapaaa
170,ABaraaaappa
170,ABpraappppa
170,ABplaaaapp
170,ABplapaapap
170,ABplaaaapap
170,ABalapapppa
170,ABpraappapp
170,ABprapppppa
170,ABprappaapa
170,ABplapapppp
170,ABprappppaa
170,ABprapaapap
170,ABprappappp
170,ABplapaapaa
170,ABplaappapp
170,ABpraappapa
170,ABplappappa
170,ABprapppppp
170,ABplappppaa
170,ABpraapappp
170,ABplapppppp
170,ABplaaapppa
170,ABplaaappaa
170,ABplapaappp
170,ABprappppap
170,ABaraaaappp
170,ABprapaappa
170,ABplappppap
170,ABplaappppp
170,ABprappappa
170,ABprapaappp
170,ABplaaapapp
170,ABplaappapa
170,ABplaaappap
170,ABplapppppa
170,ABprapaaap
170,ABprappaapp
170,ABpraapppaa
170,ABplapaappa
171,ABplaaapppp
171,ABprapaapaa
171,ABprapapapa
171,ABplaaapapa
171,ABprapapapp
171,ABplaaapaaa
171,ABpraapppap
171,ABplaappppa
171,ABaraaaappa
171,ABplaaapaap
171,ABplaapaapa
171,ABplaaaapap
171,ABplapaapap
171,ABalapapppa
171,ABplaaaapaa
171,MSppaaaa
171,ABprappaapa
171,ABplapapppp
171,ABprapppppa
171,ABprappppaa
171,ABprapappaa
171,ABprapaaaap
171,ABprapaapap
171,ABprappappp
171,ABplapaapaa
171,ABplaappapp
171,ABpraappapa
171,ABplappappa
171,ABprapppppp
171,ABplappppaa
171,ABpraapappp
171,ABplapppppp
171,ABplaaapppa
171,ABplaaappaa
171,ABplapaappp
171,ABprappppap
171,ABaraaaappp
171,ABprapaappa
171,ABplappppap
171,ABplaappppp
171,ABprappappa
171,ABplapppaaa
171,ABprapaappp
171,ABplaaapapp
171,ABpraappppp
171,ABplaappapa
171,ABplaaappap
171,ABplapppppa
171,ABprapaaap
171,ABprappaapp
171,ABpraapppaa
171,ABplappappp
171,ABprapappap
171,ABpraappppa
172,ABplaaapppp
172,ABprapaapaa
172,ABprapapapa
172,ABplaaapapa
172,ABplaapappa
172,ABprapapapp
172,ABplpaaaaaa
172,ABplaaaappa
172,ABplaaapaaa
172,ABpraapppap
172,ABplaappppa
172,ABaraaaappa
172,ABpraappppa
172,ABplaaapaap
172,ABplapaapap
172,ABplaaaapap
172,ABalapapppa
172,ABplaaaapaa
172,MSppaaaa
172,ABprappaapa
172,ABprapppppa
172,ABprappppaa
172,ABplpaaaaap
172,ABprapappaa
172,ABprapaapap
172,ABprappappp
172,ABplapaapaa
172,ABplaappapp
172,ABpraappapa
172,ABplappappa
172,ABprapppppp
172,ABplappppaa
172,ABpraapappp
172,ABplapppppp
172,ABplaaapppa
172,ABplapaappp
172,MSppappp
172,ABaraaaappp
172,ABprapaappa
172,ABalapppapa
172,ABplaaaappp
172,ABplappppap
172,ABplaappppp
172,ABprappappa
172,ABprapaappp
172,ABplaaapapp
172,ABpraappppp
172,ABplaappapa
172,ABplapppppa
172,ABprapaaap
172,ABprappaapp
172,ABpraapppaa
172,ABplappappp
172,ABprapappap
172,ABplapaappa
173,ABplaaapppp
173,ABprapaapaa
173,ABplaapppap
173,ABplaaapapa
173,ABprapapapa
173,ABplaapappa
173,ABprapapapp
173,ABplaaaappa
173,ABplaaapaaa
173,ABprpapapa
173,ABpraapppap
173,ABplaappppa
173,ABaraaaappa
173,ABpraappppa
173,ABplaapaapa
173,ABplaaaapap
173,ABplapaapap
173,ABalapapppa
173,ABplaaaapaa
173,MSppaaaa
173,ABprappaapa
173,ABprapppppa
173,ABprappppaa
173,ABplpaaaaap
173,ABprapaapap
173,ABprappappp
173,ABplapaapaa
173,ABplaappapp
173,ABpraappapa
173,ABplappappa
173,ABpraapappa
173,ABprapppppp
173,ABplappppaa
173,ABpraapappp
173,ABplapppppp
173,ABplapaaapa
173,ABplaaapppa
173,ABplapaappp
173,ABprappppap
173,ABaraaaappp
173,ABprapaappa
173,ABalapppapa
173,ABplappppap
173,ABplaappppp
173,ABprappappa
173,ABarapappaa
173,ABprapaappp
173,ABplaaapapp
173,ABpraappppp
173,ABplapppppa
173,ABprapaaap
173,ABprappaapp
173,ABpraapppaa
173,ABplappappp
173,ABplapaappa
174,ABplaaapppp
174,ABprapaapaa
174,ABprapapapa
174,ABplaaapapa
174,ABprpapaaap
174,ABalpaaaaaa
174,ABprapapapp
174,ABplaaaappa
174,ABplaaapaaa
174,ABpraapppap
174,ABplaappppa
174,ABplaaaaaaa
174,ABplappaap
174,ABpraappppa
174,ABplapaapap
174,ABplaaaapap
174,ABpraappapp
174,ABplaaaapaa
174,ABprapppppa
174,ABprappaapa
174,ABalpaaaaap
174,ABprappppaa
174,ABplpaaaaap
174,ABprapaapap
174,ABprappappp
174,ABplapaapaa
174,ABplaappapp
174,ABpraappapa
174,ABplappappa
174,ABprapppppp
174,ABplappppaa
174,ABpraapappp
174,ABplapppppp
174,ABplapaaapa
174,ABplaaapppa
174,ABplaaappaa
174,ABplapaappp
174,MSppappp
174,ABaraaaappp
174,ABprapaappa
174,ABalapppapa
174,ABplaaaappp
174,ABplappppap
174,ABplaappppp
174,ABprappappa
174,ABplapppaaa
174,ABprapaappp
174,ABplaaapapp
174,ABpraappppp
174,ABplaappapa
174,ABplaaappap
174,ABplapppppa
174,ABprappaapp
174,ABpraapppaa
174,ABplappappp
174,ABplapaappa
175,ABplaaapppp
175,ABprapaapaa
175,ABprapapapa
175,ABplaaapapa
175,ABprapapapp
175,ABplaaaappa
175,ABplaaapaaa
175,ABprpapapa
175,ABpraapppap
175,ABpraaaappp
175,ABpraappppa
175,ABplaaapaap
175,ABplapaapap
175,ABplaaaapap
175,ABalapapppa
175,ABpraappapp
175,ABplaaaapaa
175,ABprappaapa
175,ABplapapppp
175,ABalpaaaaap
175,ABprapppppa
175,ABprapaapap
175,ABprappappp
175,ABplapaapaa
175,ABplaappapp
175,ABpraappapa
175,ABplappappa
175,ABprapppppp
175,ABplappppaa
175,ABpraapappp
175,ABplapppppp
175,ABprappapaa
175,ABplaaapppa
175,ABprappapap
175,ABplaaappaa
175,ABplapaappp
175,MSppappp
175,ABaraaaappp
175,ABplapapapp
175,ABprapaappa
175,ABalapppapa
175,ABplaaaappp
175,ABplappppap
175,ABplaappppp
175,ABprappappa
175,ABprapaappp
175,ABplaaapapp
175,ABpraappppp
175,ABplaappapa
175,ABplaaappap
175,ABplapppppa
175,ABplapppaap
175,ABprappaapp
175,ABpraapppaa
175,ABplappappp
175,ABplapaappa
176,ABplaaapppp
176,ABprapaapaa
176,ABprapapapa
176,ABplaaapapa
176,MSppapap
176,ABalapppapp
176,ABalpaaaaaa
176,ABprapapapp
176,ABplaaapaaa
176,ABpraapppap
176,ABplaappppa
176,ABpraaaappp
176,ABpraappppa
176,ABplapaapap
176,ABplaaaapap
176,ABpraappapp
176,ABplaaaapaa
176,ABprapppppa
176,ABprappaapa
176,ABplapapppp
176,ABprappppaa
176,ABprapappaa
176,ABprapaapap
176,ABprappappp
176,ABplapaapaa
176,ABplaappapp
176,ABpraappapa
176,ABplappappa
176,ABprapppppp
176,ABplappppaa
176,ABpraapappp
176,ABplapppppp
176,ABplapaaapa
176,ABprappapaa
176,ABplaaapppa
176,ABplaaappaa
176,ABplapaappp
176,ABprappppap
176,ABaraaaappp
176,ABplapapapp
176,ABprapaappa
176,ABalapppapa
176,ABplaaaappp
176,ABplappppap
176,ABplaapaaaa
176,ABprappappa
176,ABplaappppp
176,ABprapaappp
176,ABplaaapapp
176,ABpraappppp
176,ABplaappapa
176,ABplaaappap
176,ABplapppppa
176,ABprappaapp
176,ABpraapppaa
176,ABplappappp
176,ABprapappap
176,ABplapaappa
177,ABplaaapppp
177,ABprapaapaa
177,ABplaapppap
177,ABplaaapapa
177,ABprapapapa
177,MSppapap
177,ABplapappaa
177,ABprapapapp
177,ABplapapppa
177,ABplaaapaaa
177,ABpraapppap
177,ABplaaaaaaa
177,ABpraappppa
177,ABplapappap
177,ABplaapaapa
177,ABplaaaapap
177,ABplapaapap
177,ABplappaapa
177,ABpraappapp
177,ABplaaaapaa
177,MSppaaaa
177,ABprappaapa
177,ABprapppppa
177,ABalpaaaaap
177,ABprappppaa
177,ABprapappaa
177,ABprapaapap
177,ABprappappp
177,ABplapaapaa
177,ABplaappapp
177,ABpraappapa
177,ABplappappa
177,ABprapppppp
177,ABplappppaa
177,ABpraapappp
177,ABplapppppp
177,ABprappapaa
177,ABplaaapppa
177,ABprappapap
177,ABplaaappaa
177,ABplapaappp
177,ABprappppap
177,ABaraaaappp
177,ABplappaapp
177,ABplapapapp
177,ABprapaappa
177,ABalapppapa
177,ABplappppap
177,ABplaapaaaa
177,ABprappappa
177,ABplaappppp
177,ABplapppaaa
177,ABprapaappp
177,ABplaaapapp
177,ABpraappppp
177,MSaapaaaa
177,ABplaappapa
177,ABplaaappap
177,ABplapppppa
177,ABprappaapp
177,ABplappappp
177,ABprapappap
177,ABplapaappa
178,ABplaaapppp
178,ABprapaapaa
178,ABplpaaapaa
178,ABplaaapapa
178,ABprapapapa
178,MSppapap
178,ABplapappaa
178,ABprapapapp
178,ABplapapppa
178,ABplaaaappa
178,ABplaaapaaa
178,ABpraapppap
178,ABplaappppa
178,ABplaaaaaaa
178,ABpraappppa
178,ABplapappap
178,ABplapaapap
178,ABplaaaapap
178,ABalaapappa
178,ABpraappapp
178,ABplaaaapaa
178,ABprapppppa
178,ABprappaapa
178,ABprapappaa
178,ABplpaaaaap
178,ABprapaapap
178,ABprappappp
178,ABplapaapaa
178,MSapaaaa
178,ABpraappapa
178,ABplappappa
178,ABprapppppp
178,ABplappppaa
178,ABpraapappp
178,ABplapppppp
178,ABplapaaapa
178,ABprappapaa
178,ABplaaapppa
178,ABplaaappaa
178,ABplapaappp
178,MSppappp
178,ABaraaaappp
178,ABplappaapp
178,ABprapaappa
178,ABalapppapa
178,ABplaaaappp
178,ABplappppap
178,ABplaappppp
178,ABprappappa
178,ABarapappaa
178,ABplapppaaa
178,ABprapaappp
178,ABplaaapapp
178,ABpraappppp
178,ABplaappapa
178,ABplapppppa
178,ABprappaapp
178,ABpraapppaa
178,ABplappappp
178,ABprapappap
178,ABplapaappa
179,ABplaaapppp
179,ABplaapppap
179,ABprapaapaa
179,ABplpaaapaa
179,ABplaaapapa
179,ABprapapapa
179,MSppapap
179,ABplapappaa
179,ABprapapapp
179,ABplapapppa
179,ABplaaaappa
179,ABarapapapp
179,ABplaaapaaa
179,ABpraapppap
179,ABpraaaappp
179,ABarapapapa
179,ABpraappppa
179,ABplapappap
179,ABplapaapap
179,ABplaaaapap
179,ABpraappapp
179,ABplaaaapaa
179,ABprapppppa
179,ABprappaapa
179,ABprappppaa
179,ABprpaaapap
179,ABprapaapap
179,ABprappappp
179,ABplapaapaa
179,MSapaaaa
179,ABpraappapa
179,ABplappappa
179,ABprapppppp
179,ABplappppaa
179,ABpraapappp
179,ABplapppppp
179,ABplapaaapa
179,ABprappapaa
179,ABplaaapppa
179,ABprappapap
179,ABplaaappaa
179,ABplapaappp
179,MSppappp
179,ABaraaaappp
179,ABplappaapp
179,ABplapapapp
179,ABprapaappa
179,ABalapppapa
179,ABplaaaappp
179,ABplappppap
179,ABplaappppp
179,ABprappappa
179,ABplapppaaa
179,ABprapaappp
179,ABplaaapapp
179,ABpraappppp
179,ABplaappapa
179,ABplapppppa
179,ABprappaapp
179,ABpraapppaa
179,ABplappappp
179,ABplapaappa
180,ABplpapaaaa
180,ABplaaapppp
180,ABprapaapaa
180,ABplaapppap
180,ABplaaapapa
180,ABprapapapa
180,MSppapap
180,ABprapapapp
180,ABplapapppa
180,ABplaaaappa
180,ABplaaapaaa
180,ABplpapaapa
180,ABpraapppap
180,ABplaappppa
180,ABpraaaappp
180,ABarapapapa
180,ABpraappppa
180,ABplaaapaap
180,ABplapaapap
180,ABplaaaapap
180,ABpraappapp
180,ABplaaaapaa
180,ABprapppppa
180,ABprappaapa
180,ABprapappaa
180,ABplpaaaaap
180,ABprapaapap
180,ABprappappp
180,ABplapaapaa
180,MSapaaaa
180,ABpraappapa
180,ABplappappa
180,ABprapppppp
180,ABplappppaa
180,ABpraapappp
180,ABplapppppp
180,ABprappapaa
180,ABplaaapppa
180,ABplapaappp
180,MSppappp
180,ABaraaaappp
180,ABplappaapp
180,ABprapaappa
180,ABalapppapa
180,ABplaaaappp
180,ABplappppap
180,ABplaappppp
180,ABprappappa
180,ABplapppaaa
180,ABprapaappp
180,ABplaaapapp
180,ABpraappppp
180,ABplaappapa
180,ABplapppppa
180,ABprappaapp
180,ABpraapppaa
180,ABplappappp
180,ABprapappap
180,ABplapaappa
181,ABplpapaaaa
181,ABplaaapppp
181,ABplaapppap
181,ABprapaapaa
181,ABplpaaapaa
181,ABplaaapapa
181,ABprapapapa
181,MSppapap
181,ABplapppapa
181,ABprpapaaap
181,ABplaapappa
181,ABprapapapp
181,ABplapapppa
181,ABplaaaappa
181,ABplaaapaaa
181,ABplpapaapa
181,ABpraapppap
181,ABplaappppa
181,ABplaaaaaaa
181,ABpraappppa
181,ABplaaapaap
181,ABplappapaa
181,ABplapaapap
181,ABplaaaapap
181,ABpraappapp
181,ABplaaaapaa
181,ABprapppppa
181,ABprappaapa
181,ABalpaaaaap
181,ABprappppaa
181,ABprapaapap
181,ABprappappp
181,ABplapaapaa
181,MSapaaaa
181,ABpraappapa
181,ABplappappa
181,ABprapppppp
181,ABplappppaa
181,ABplappapap
181,ABpraapappp
181,ABplapppppp
181,ABprappapaa
181,ABplapaappp
181,MSppappp
181,ABprappppap
181,ABaraaaappp
181,ABplappaapp
181,ABprapaappa
181,ABalapppapa
181,ABplaaaappp
181,ABplappppap
181,ABplaappppp
181,ABalpaaapaa
181,ABprappappa
181,ABplapppaaa
181,ABprapaappp
181,ABplaaapapp
181,ABpraappppp
181,ABplaappapa
181,ABplapppppa
181,ABprappaapp
181,ABpraapppaa
181,ABplappappp
181,ABplapaappa
182,ABplaapppap
182,ABprapaapaa
182,ABplpaaapaa
182,ABplaaapapa
182,ABprapapapa
182,MSppapap
182,ABplapppapa
182,ABprpapaaap
182,ABplaapappa
182,ABprapapapp
182,ABplapapppa
182,ABplaaaappa
182,ABpraapppap
182,ABplaappppa
182,ABaraaaappa
182,ABarapapapa
182,ABpraappppa
182,ABplpapaapp
182,ABplapaapap
182,ABplaaaapap
182,ABpraappapp
182,ABplaaaapaa
182,ABprapppppa
182,ABprappaapa
182,ABprappppaa
182,ABplpaaaaap
182,ABprapaapap
182,ABprappappp
182,ABplapaapaa
182,ABplaappapp
182,ABpraappapa
182,ABplappappa
182,ABprapppppp
182,ABplappapap
182,ABpraapappp
182,ABplapppppp
182,ABplapaaapa
182,ABprappapaa
182,ABplaaapppa
182,ABprappapap
182,ABplaaappaa
182,ABplapaappp
182,ABprappppap
182,ABplappaapp
182,ABprapaappa
182,ABalapppapa
182,ABplaaaappp
182,ABplappppap
182,ABplaapaaaa
182,ABprappappa
182,ABplaappppp
182,ABarapappaa
182,ABplapppaaa
182,ABprapaappp
182,ABplaaapapp
182,ABpraappppp
182,ABplaappapa
182,ABplapppppa
182,ABprappaapp
182,ABpraapppaa
182,ABplappappp
182,ABplapaappa
183,ABplaaapppp
183,ABprapaapaa
183,ABplpaaapaa
183,ABplaaapapa
183,ABprapapapa
183,MSppapap
183,ABprpapaaap
183,ABplaapappa
183,ABplapappaa
183,ABprapapapp
183,ABplapapppa
183,ABplaaaappa
183,ABplaaapaaa
183,ABpraapppap
183,ABplaappppa
183,ABplaaaaaaa
183,MSaaaapaa
183,ABarapapapa
183,ABpraappppa
183,ABplapappap
183,ABplappapaa
183,ABplaaapaap
183,ABplaaaapap
183,ABplapaapap
183,ABpraappapp
183,ABplaaaapaa
183,ABprapppppa
183,ABprappaapa
183,ABprappppaa
183,ABprapaapap
183,ABprappappp
183,ABplapaapaa
183,ABplaappapp
183,ABpraappapa
183,ABplappappa
183,ABprapppppp
183,ABplappapap
183,ABpraapappp
183,ABplapppppp
183,ABprappapaa
183,ABplaaapppa
183,ABprappapap
183,ABplapaappp
183,ABarappaapa
183,ABprappppap
183,ABplappaapp
183,ABprapaappa
183,ABplaaaappp
183,ABplappppap
183,ABplaapaaaa
183,ABprappappa
183,ABplaappppp
183,ABplapppaaa
183,ABprapaappp
183,ABplaaapapp
183,ABpraappppp
183,ABplaappapa
183,ABplapppppa
183,ABprappaapp
183,ABpraapppaa
183,ABplappappp
183,ABplapaappa
184,ABplpapaaaa
184,ABplaaapppp
184,ABprapaapaa
184,ABplpaaapaa
184,ABplaaapapa
184,ABprapapapa
184,MSppapap
184,ABplaapappa
184,ABplapappaa
184,ABprapapapp
184,ABplaaaappa
184,ABplaaapaaa
184,ABpraapppap
184,ABplaappppa
184,MSaaaapaa
184,ABaraaaappa
184,ABarapapapa
184,ABpraappppa
184,ABplapappap
184,ABplpapaapp
184,ABplaaapaap
184,ABplaaaapap
184,ABplapaapap
184,ABplappaapa
184,ABpraappapp
184,ABplaaaapaa
184,ABprapppppa
184,ABprappaapa
184,ABprappppaa
184,ABprapappaa
184,ABprapaapap
184,ABprappappp
184,ABplapaapaa
184,ABplaappapp
184,ABpraappapa
184,ABprapppppp
184,ABplappppaa
184,ABplappapap
184,ABplapppppp
184,ABprappapaa
184,ABplaaapppa
184,ABplapaappp
184,ABprappppap
184,ABaraaaappp
184,ABplaapppaa
184,ABplappaapp
184,ABprapaappa
184,ABplaaaappp
184,ABplappppap
184,ABplaappppp
184,ABalpaaapaa
184,ABprappappa
184,ABprapaappp
184,ABplaaapapp
184,ABpraappppp
184,ABplaappapa
184,ABplapppppa
184,ABprappaapp
184,ABpraapppaa
184,ABplpapaaap
184,ABprapappap
184,ABplapaappa
185,ABplpapaaaa
185,ABplaaapppp
185,ABprapaapaa
185,ABplpaaapaa
185,ABplaaapapa
185,ABprapapapa
185,MSppapap
185,ABplapppapa
185,ABplaapappa
185,ABprapapapp
185,ABplaaapaaa
185,ABpraapppap
185,ABplaappppa
185,ABpraaaappp
185,MSaaaapaa
185,ABarapapapa
185,ABpraappppa
185,ABplappapaa
185,ABplapaapap
185,ABplaaaapap
185,ABpraappapp
185,ABplaaaapaa
185,ABprapppppa
185,ABprappaapa
185,ABprappppaa
185,ABprapappaa
185,ABprapaapap
185,ABprappappp
185,ABplapaapaa
185,ABplaappapp
185,ABpraappapa
185,ABplappappa
185,ABprapppppp
185,ABplappppaa
185,ABplappapap
185,ABplapppppp
185,ABprappapaa
185,ABplaaapppa
185,ABplapaappp
185,MSppappp
185,ABaraaaappp
185,ABplaapppaa
185,ABplappaapp
185,ABprapaappa
185,ABalapppapa
185,ABplaaaappp
185,ABplappppap
185,ABplapapapp
185,ABplaapaaaa
185,ABprappappa
185,ABplaappppp
185,ABplapppaaa
185,ABprapaappp
185,ABplaaapapp
185,ABpraappppp
185,ABplaappapa
185,ABplapppppa
185,ABprappaapp
185,ABpraapppaa
185,ABplappappp
185,ABprapappap
185,ABplapaappa
186,ABplpapaaaa
186,ABplaaapppp
186,ABprapaapaa
186,ABplpaaapaa
186,ABplaaapapa
186,ABprapapapa
186,MSppapap
186,ABplaapappa
186,ABplapappaa
186,ABprapapapp
186,ABpraapppap
186,ABplaappppa
186,ABplaaaaaaa
186,MSaaaapaa
186,ABarapapapa
186,ABpraappppa
186,ABplapappap
186,ABplpapaapp
186,ABplapaapap
186,ABplaaaapap
186,ABpraappapp
186,ABplaaaapaa
186,ABprapppppa
186,ABprappaapa
186,ABprappppaa
186,ABprapappaa
186,ABprapaapap
186,ABprappappp
186,ABplapaapaa
186,ABplaappapp
186,ABpraappapa
186,ABplappappa
186,ABprapppppp
186,ABplappppaa
186,ABplappapap
186,ABplapppppp
186,ABprappapaa
186,ABplaaapppa
186,ABplaaappaa
186,ABplapaappp
186,ABprappppap
186,ABaraaaappp
186,ABplaapppaa
186,ABplappaapp
186,ABprapaappa
186,ABplaaaappp
186,ABplappppap
186,ABplapapapp
186,ABplaapaaaa
186,ABprappappa
186,ABplaappppp
186,ABarapappaa
186,ABplapppaaa
186,ABprapaappp
186,ABplaaapapp
186,ABpraappppp
186,ABprpaaaaaa
186,ABplaappapa
186,ABplapppppa
186,ABpraapppaa
186,ABplappappp
186,ABprapappap
186,ABplapaappa
187,ABplpapaaaa
187,ABplaaapppp
187,ABprapaapaa
187,ABplaapppap
187,ABplaaapapa
187,ABprapapapa
187,MSppapap
187,ABplapppapa
187,ABplaapappa
187,ABplapappaa
187,ABprapapapp
187,ABplaaaappa
187,ABpraapppap
187,ABplaappppa
187,ABplaaaaaaa
187,ABarapapapa
187,ABpraappppa
187,ABplappapaa
187,ABplapaapap
187,ABplaaaapap
187,ABplpaaaapa
187,ABpraappapp
187,ABplaaaapaa
187,ABprapppppa
187,ABprappaapa
187,ABalpaaaaap
187,ABprappppaa
187,ABprapappaa
187,ABprapaapap
187,ABprappappp
187,ABplapaapaa
187,ABplaappapp
187,ABpraappapa
187,ABplappappa
187,ABprapppppp
187,ABplappppaa
187,ABplappapap
187,ABplapppppp
187,ABprappapaa
187,ABplaaapppa
187,ABplaaappaa
187,ABplapaappp
187,ABprappppap
187,ABaraaaappp
187,ABplaapppaa
187,ABplappaapp
187,ABprapaappa
187,ABplaaaappp
187,ABplappppap
187,ABplaappppp
187,ABprappappa
187,ABplapppaaa
187,ABprapaappp
187,ABplaaapapp
187,ABpraappppp
187,ABplaappapa
187,ABplaaappap
187,ABplapppppa
187,ABprappaapp
187,ABpraapppaa
187,ABplappappp
187,ABprapappap
187,ABplapaappa
188,ABplpapaaaa
188,ABplaaapppp
188,ABprapaapaa
188,ABplpaaapaa
188,ABplaaapapa
188,ABprapapapa
188,MSppapap
188,ABplapppapa
188,ABprpapaaap
188,MSapapap
188,ABalpaaaaaa
188,ABplaapappa
188,ABplapappaa
188,ABprapapapp
188,ABarapapapp
188,ABplaaapaaa
188,ABpraapppap
188,ABplaappppa
188,ABplaaaaaaa
188,MSaaaapaa
188,ABpraappppa
188,ABplapappap
188,ABplapaapap
188,ABplaaaapap
188,ABplappaapa
188,ABpraappapp
188,ABplaaaapaa
188,ABprapppppa
188,ABprappaapa
188,ABprappppaa
188,ABprapaapap
188,ABprappappp
188,ABplapaapaa
188,ABplaappapp
188,ABpraappapa
188,ABplappappa
188,ABprapppppp
188,ABplappppaa
188,ABplappapap
188,ABplapppppp
188,ABprappapaa
188,ABplaaapppa
188,ABplapaappp
188,ABprappppap
188,ABaraaaappp
188,ABplaapppaa
188,ABplapapapp
188,ABprapaappa
188,ABplaaaappp
188,ABplappppap
188,ABplaapaaaa
188,ABalpaaapaa
188,ABprappappa
188,ABplaappppp
188,ABprapaappp
188,ABplaaapapp
188,ABpraappppp
188,ABplaappapa
188,ABplapppppa
188,ABprappaapp
188,ABpraapppaa
188,ABplappappp
188,ABplapaappa
189,ABplpapaaaa
189,ABplaaapppp
189,ABplaapppap
189,ABprapaapaa
189,ABplpaaapaa
189,ABplaaapapa
189,ABprapapapa
189,ABplapppapa
189,MSapapap
189,ABplaapappa
189,ABplapappaa
189,ABprapapapp
189,ABplaaaappa
189,ABpraapppap
189,ABplaappppa
189,ABpraaaappp
189,ABarapapapa
189,ABpraappppa
189,ABplapaapap
189,ABplaaaapap
189,ABpraappapp
189,ABplaaaapaa
189,ABprapppppa
189,ABprappaapa
189,ABprappppaa
189,ABprapappaa
189,ABprapaapap
189,ABprappappp
189,ABplapaapaa
189,ABplaappapp
189,ABpraappapa
189,ABplappappa
189,ABprapppppp
189,ABplappppaa
189,ABplappapap
189,ABplapppppp
189,ABprappapaa
189,ABplaaapppa
189,ABprappapap
189,ABplaaappaa
189,ABplapaappp
189,ABprappppap
189,ABaraaaappp
189,ABplaapppaa
189,ABplappaapp
189,ABprapaappa
189,ABplaaaappp
189,ABplappppap
189,ABplapapapp
189,ABplaappppp
189,ABalpaaapaa
189,ABprappappa
189,ABplapppaaa
189,ABprapaappp
189,ABplaaapapp
189,ABpraappppp
189,ABplaappapa
189,ABplapppppa
189,ABprappaapp
189,ABpraapppaa
189,ABplappappp
189,ABprapappap
189,ABplapaappa
190,ABprapaapaa
190,ABplpaaapaa
190,ABplaaapapa
190,ABprapapapa
190,ABplapppapa
190,ABprpapaaap
190,MSapapap
190,ABplaapappa
190,ABplapappaa
190,ABprapapapp
190,ABplaaaappa
190,ABplaaapaaa
190,ABpraapppap
190,ABplaappppa
190,ABplaaaaaaa
190,MSaaaapaa
190,ABarapapapa
190,ABpraappppa
190,ABplapappap
190,ABplaaapaap
190,ABplapaapap
190,ABplaaaapap
190,ABplappaapa
190,ABpraappapp
190,ABplaaaapaa
190,ABprapppppa
190,ABprappaapa
190,ABprappppaa
190,ABprapappaa
190,ABprapaapap
190,ABprappappp
190,ABplapaapaa
190,ABplaappapp
190,ABpraappapa
190,ABplappappa
190,ABprapppppp
190,ABplappppaa
190,ABplappapap
190,ABplapppppp
190,ABprappapaa
190,ABplaaapppa
190,ABprappapap
190,ABplaaappaa
190,ABplapaappp
190,ABprappppap
190,ABaraaaappp
190,ABplaapppaa
190,ABplapapapp
190,ABprapaappa
190,ABplaaaappp
190,ABplappppap
190,ABplaappppp
190,ABalpaaapaa
190,ABprappappa
190,ABprapaappp
190,ABplaaapapp
190,ABpraappppp
190,ABplaappapa
190,ABplapppppa
190,ABprappaapp
190,ABpraapppaa
190,ABplappappp
190,ABplapaappa
191,ABplaaapppp
191,ABplaapppap
191,ABprapaapaa
191,ABplpaaapaa
191,ABplaaapapa
191,ABprapapapa
191,MSapappp
191,ABplapppapa
191,MSapapap
191,ABalpaaaaaa
191,ABplaapaaap
191,ABplapappaa
191,ABprapapapp
191,ABplaaapaaa
191,ABpraapppap
191,ABplaappppa
191,ABplaaaaaaa
191,ABpraappppa
191,ABplapappap
191,ABplaaapaap
191,ABplapaapap
191,ABplaaaapap
191,ABpraappapp
191,ABplaaaapaa
191,ABprapppppa
191,ABprappaapa
191,ABprappppaa
191,ABprapappaa
191,ABprapaapap
191,ABprappappp
191,ABplapaapaa
191,ABplaappapp
191,ABpraappapa
191,ABplappappa
191,ABprapppppp
191,ABplappppaa
191,ABplaaaaapa
191,ABplappapap
191,ABprappapaa
191,ABplaaapppa
191,ABprappapap
191,ABplaaappaa
191,ABplapaappp
191,ABprappppap
191,ABplaapppaa
191,ABplapapapp
191,ABprapaappa
191,ABplappppap
191,ABplaapaaaa
191,ABalpaaapaa
191,ABprappappa
191,ABplaappppp
191,ABplapppaaa
191,ABprapaappp
191,ABplaaapapp
191,ABpraappppp
191,ABprpaaaaaa
191,ABplaappapa
191,ABplapppppa
191,ABpraapppaa
191,ABplappappp
191,ABprapappap
191,ABplapaappa
192,ABplaaapppp
192,ABplaapppap
192,ABprapaapaa
192,ABplpaaapaa
192,ABplaaapapa
192,ABprapapapa
192,ABplapppapa
192,MSapapap
192,ABalpaaaaaa
192,ABplapappaa
192,ABprapapapp
192,ABplaaaappa
192,ABplaaapaaa
192,ABpraapppap
192,ABplaappppa
192,ABplaaaaaaa
192,ABpraappppa
192,ABplapappap
192,ABplaaapaap
192,ABplapaapap
192,ABplaaaapap
192,ABalapapppa
192,ABpraappapp
192,ABplaaaapaa
192,ABprappaapa
192,ABprapppppa
192,ABprappppaa
192,ABprapappaa
192,ABprapaapap
192,ABprappappp
192,ABplapaapaa
192,ABplaappapp
192,ABpraappapa
192,ABplappappa
192,ABprapppppp
192,ABplappppaa
192,ABplappapap
192,ABplapppppp
192,ABprappapaa
192,ABplaaapppa
192,ABprappapap
192,ABplaaappaa
192,ABplapaappp
192,ABprappppap
192,ABaraaaappp
192,ABplaapppaa
192,ABplapapapp
192,ABprapaappa
192,ABplaaaappp
192,ABplappppap
192,ABplaappppp
192,ABalpaaapaa
192,ABprappappa
192,ABplapppaaa
192,ABprapaappp
192,ABplaaapapp
192,ABpraappppp
192,ABplaappapa
192,ABplapppppa
192,ABprappaapp
192,ABpraapppaa
192,ABplappappp
192,ABprapappap
192,ABplapaappa
193,ABplaapaapp
193,ABplaaapppp
193,ABprapaapaa
193,ABplpaaapaa
193,ABplaaapapa
193,ABprapapapa
193,ABplapppapa
193,MSapapap
193,ABalpaaaaaa
193,ABplapappaa
193,ABprapapapp
193,ABplaaaappa
193,ABalpaaaapa
193,ABplaaapaaa
193,ABpraapppap
193,ABplaappppa
193,ABplaaaaaaa
193,MSaaaapaa
193,ABpraappppa
193,ABplaaapaap
193,ABplapaapap
193,ABpraappapp
193,ABplaaaapaa
193,ABprapppppa
193,ABprappaapa
193,ABalpaaaaap
193,ABprappppaa
193,ABprapappaa
193,ABprapaapap
193,ABprappappp
193,ABplapaapaa
193,ABplaappapp
193,ABpraappapa
193,ABplappappa
193,ABprapppppp
193,ABplappppaa
193,ABplappapap
193,ABplapppppp
193,ABprappapaa
193,ABplaaapppa
193,ABprappapap
193,ABplaaappaa
193,ABplapaappp
193,ABprappppap
193,ABprapaaapa
193,ABaraaaappp
193,ABplaapppaa
193,ABplapapapp
193,ABprapaappa
193,ABplaaaappp
193,ABplappppap
193,ABplaappppp
193,ABalpaaapaa
193,ABprappappa
193,ABplapppaaa
193,ABprapaappp
193,ABplaaapapp
193,ABpraappppp
193,ABplaappapa
193,ABplapppppa
193,ABprappaapp
193,ABpraapppaa
193,ABplappappp
193,ABprapappap
193,ABplapaappa
194,ABplpapaaaa
194,ABplaaapppp
194,ABprapaapaa
194,ABplpaaapaa
194,ABplaaapapa
194,ABprapapapa
194,ABplapppapa
194,MSapapap
194,ABprapapapp
194,ABplaaaappa
194,ABpraapppap
194,MSppppaa
194,ABplaappppa
194,ABplaaaaaaa
194,MSaaaapaa
194,ABarapapapa
194,ABpraappppa
194,ABplaaapaap
194,ABplapaapap
194,ABplaaaapap
194,ABplappaapa
194,ABalapapppa
194,ABpraappapp
194,ABplaaaapaa
194,ABprappaapa
194,ABprapppppa
194,ABalpaaaaap
194,ABprappppaa
194,ABprapappaa
194,ABprapaapap
194,ABprappappp
194,ABplapaapaa
194,ABplaappapp
194,ABpraappapa
194,ABplappappa
194,ABprapppppp
194,ABplappppaa
194,ABplappapap
194,ABplapppppp
194,ABprappapaa
194,ABplaaapppa
194,ABprappapap
194,ABplaaappaa
194,ABplapaappp
194,ABprappppap
194,ABprapaaapa
194,ABaraaaappp
194,ABplaapppaa
194,ABplapapapp
194,ABprapaappa
194,ABplaaaappp
194,ABplappppap
194,ABalpaaapaa
194,ABprappappa
194,ABprapaappp
194,ABplaaapapp
194,ABpraappppp
194,ABplaappapa
194,ABplapppppa
194,ABprappaapp
194,ABpraapppaa
194,ABplappappp
194,ABplpapaaap
194,ABprapappap
194,ABplapaappa
195,ABplpapaaaa
195,ABplaaapppp
195,ABprapaapaa
195,ABplpaaapaa
195,ABplaaapapa
195,ABprapapapa
195,MSppapap
195,ABplapppapa
195,ABalpaaaaaa
195,ABprapapapp
195,ABplapapppa
195,ABplaaaappa
195,ABpraapppap
195,MSppppaa
195,ABplaappppa
195,ABplaaaaaaa
195,MSaaaapaa
195,ABpraappppa
195,ABplaaapaap
195,ABplappapaa
195,ABplaapaapa
195,ABplapaapap
195,ABplappaapa
195,ABpraappapp
195,ABprapppppa
195,ABprappaapa
195,ABalpaaaaap
195,ABprappppaa
195,ABprapappaa
195,ABprapaapap
195,ABprappappp
195,ABplapaapaa
195,ABplaappapp
195,ABpraappapa
195,ABplappappa
195,ABprapppppp
195,ABplappppaa
195,ABplappapap
195,ABplapppppp
195,ABprappapaa
195,ABplaaapppa
195,ABplaaappaa
195,ABplapaappp
195,ABprappppap
195,ABaraaaappp
195,ABplaapppaa
195,ABplappaapp
195,ABprapaappa
195,ABplaaaappp
195,ABplappppap
195,ABplapapapp
195,ABalpaaapaa
195,ABprappappa
195,ABprapaappp
195,ABplaaapapp
195,ABpraappppp
195,ABplaappapa
195,ABplapppppa
195,ABprappaapp
195,ABpraapppaa
195,ABplappappp
195,ABplpapaaap
195,ABprapappap
195,ABplapaappa
